last_name,nationality
Dupont,belgian
Martin,belgian
Lambert,belgian
Léger,belgian
Germain,belgian
Bourgeois,belgian
Gaston,belgian
Petit,belgian
Marchand,belgian
Bernard,belgian
Lemoine,belgian
Jacques,belgian
Delacroix,belgian
Simon,belgian
Moreau,belgian
Lefebvre,belgian
Durand,belgian
Leclercq,belgian
De Clercq,belgian
Van Damme,belgian
Claes,belgian
De Smet,belgian
Dubois,belgian
Verhoeven,belgian
De Meyer,belgian
Dujardin,belgian
Boucher,belgian
Renard,belgian
De Wilde,belgian
Huygens,belgian
Masson,belgian
Vandevelde,belgian
De Jonghe,belgian
Paquet,belgian
Vermandel,belgian
Van Hoof,belgian
Declercq,belgian
Brasseur,belgian
Pieters,belgian
Devos,belgian
Van Acker,belgian
Janssens,belgian
Desmet,belgian
Wouters,belgian
Coppens,belgian
Rousseau,belgian
Schmidt,german
Müller,german
Schneider,german
Weber,german
Fischer,german
Meyer,german
Wagner,german
Becker,german
Schulz,german
Hoffmann,german
Koch,german
Richter,german
Bauer,german
Klein,german
Wolf,german
Neumann,german
Zimmermann,german
Braun,german
Krause,german
Hofmann,german
Schröder,german
Schwarz,german
Lang,german
Brandt,german
Hahn,german
Peters,german
Vogel,german
Friedrich,german
Jung,german
Keller,german
Günther,german
Berger,german
Frank,german
Roth,german
Beck,german
Lorenz,german
Winter,german
Kaiser,german
Fuchs,german
Pohl,german
Engel,german
Horn,german
Böttcher,german
Otto,german
Schuster,german
Seidel,german
Ziegler,german
Eberhardt,german
Geiger,german
Döring,german
Lehmann,german
Baumann,german
Hübner,german
Kühne,german
Reinhardt,german
Bischof,german
Laurent,french
Martin,french
Bernard,french
Dubois,french
Thomas,french
Robert,french
Petit,french
Richard,french
Lefevre,french
Durand,french
Moreau,french
Simon,french
Roux,french
Blanc,french
Garnier,french
Chevalier,french
Bonnet,french
Rousseau,french
Clément,french
Moulin,french
Fabre,french
Louis,french
Perrin,french
Marchand,french
Bertrand,french
Girard,french
Fontaine,french
Noel,french
Gauthier,french
Guérin,french
Lambert,french
Barbier,french
Arnaud,french
Dufour,french
Renard,french
Chauvin,french
Perrot,french
Delacroix,french
Millet,french
Vidal,french
Morin,french
Dupont,french
Olivier,french
Carpentier,french
Renaud,french
Jacquet,french
Gaillard,french
Charpentier,french
Bouchet,french
Bourgeois,french
Descamps,french
Vernier,french
Leclerc,french
Boucher,french
Smith,british
Jones,british
Brown,british
Taylor,british
Wilson,british
Johnson,british
Thompson,british
Robinson,british
Walker,british
Harris,british
Evans,british
Edwards,british
Clarke,british
Hall,british
Wood,british
White,british
Green,british
Lewis,british
Scott,british
King,british
Baker,british
Wright,british
Moore,british
Hill,british
Adams,british
Turner,british
Carter,british
Morris,british
Mitchell,british
Ward,british
Watson,british
Morgan,british
Davies,british
Cooper,british
Phillips,british
Parker,british
Collins,british
Bennett,british
Cox,british
Bailey,british
Bell,british
Miller,british
Shaw,british
Griffiths,british
Marshall,british
Stewart,british
Palmer,british
Butler,british
Rogers,british
Knight,british
Chapman,british
Spencer,british
Elliott,british
Hughes,british
Foster,british